key,title,authors,journal,issn,volume,issue,pages,year,publisher,url,abstract,notes,doi,keywords
F0016,A Novel Cognitive Diagnosis Model With Multiple Attributes and Multidimensional Discrimination,"Wang, Jing and Chen, Ziyang and Wang, Jiahao and Duan, Junwei and Zirui, Zhang and Wang, Yuanyuan",COMPUTER APPLICATIONS IN ENGINEERING EDUCATION,,,,,2026,,,"In intelligent tutoring systems, cognitive diagnosis represents a crucial task. The advancement of machine learning, particularly deep neural networks, has significantly propelled the field of computer-assisted education. Although neural network cognitive diagnosis models (NNCDMs) capture non-linear interactions between students and exercises more effectively, they may neglect essential information, such as the relations between knowledge points in exercises and students' latent abilities, with skill level characterization often oversimplified. Furthermore, although fully connected layers in NNCDMs capture nonlinear relationships more effectively, they may also result in overfitting on educational response data sets. To address these challenges, this paper introduces a neural network cognitive diagnosis model(MACD) that incorporates multiple attributes and multidimensional discrimination. The model integrates students' explicit knowledge proficiency and latent potential abilities, investigates the intrinsic interrelationships between knowledge points via a dedicated relation matrix, and refines the discriminative power of each exercise for individual knowledge points through multidimensional discrimination to improve the fine-grained representation of student cognitive abilities. The experimental results on three public educational data sets (ASSIST0910, ASSIST17, FrcSub) with core evaluation metrics (accuracy (ACC), root mean square error (RMSE), area under the curve (AUC)) indicate that the proposed model demonstrates superior performance in predicting student outcomes, achieving an ACC of 0.7570 and an AUC of 0.8024 on the ASSIST0910 data set and a minimum RMSE of 0.3453 on the FrcSub data set-outperforming all traditional statistical and state-of-the-art neural CDM baselines on all metrics.",,10.1002/cae.70169,cognitive diagnosis;discrimination;intelligent education;learner modeling;neural network;INTELLIGENT TUTORING SYSTEMS;DINA MODEL;Q-MATRIX
F0020,A statistical framework for dynamic cognitive diagnosis in digital learning environments,"Ma, Yawen and Ushakova, Anastasia and Cain, Kate and Wallin, Gabriel",JOURNAL OF THE ROYAL STATISTICAL SOCIETY SERIES A-STATISTICS IN SOCIETY,,,,,2026,,,"Reading is foundational for educational, employment, and economic outcomes, but a persistent proportion of students globally struggle to develop adequate reading skills. Some countries promote digital tools to support reading development, alongside regular classroom instruction. Such tools generate rich log data capturing students' behaviour and performance. This study proposes a dynamic cognitive diagnostic modelling (CDM) framework based on restricted latent class models to trace students' time-varying skill mastery using log files from digital tools. Unlike traditional CDMs that require expert-defined skill-item mappings (Q-matrix), our approach jointly estimates the Q-matrix and latent skill profiles, integrates log-derived covariates (e.g. reattempts, response times, counts of mastered items) and individual characteristics, and models transitions in mastery using a Bayesian estimation approach. Applied to real-world data, the model demonstrates practical value in educational settings by effectively uncovering individual skill profiles and the skill-item mappings. Simulation studies confirm robust recovery of Q-matrix structures and latent profiles with high accuracy under varied sample sizes, item counts, and different sparsity of Q-matrices. The framework offers a data-driven, time-dependent restricted latent class modelling approach to understanding early reading development.",,10.1093/jrsssa/qnag104,cognitive diagnostic models;deterministic input;noisy 'AND' Gate (DINA) models;educational game application;log files;Q-matrix estimation;HIDDEN MARKOV MODEL;RESPONSE-TIMES;HIGHER-ORDER
F0023,A Systematic Review of the Implications of Diagnostic Classification Modeling for Cognitive Models of Mathematics,"Coates, Adam",REVIEW OF EDUCATIONAL RESEARCH,,,,,2026,,,"In education, cognitive models are often representations of knowledge and processes required to solve a task. These models can be used as foundations of pedagogy, curricula, and educational software. Diagnostic classification modeling (DCM) is a family of statistical approaches designed to combine responses to an assessment with a cognitive model to estimate students' mastery of each skill in the assessment. This article systematically reviews the use of DCM with mathematics tests, focusing on the implications for developing and improving cognitive models. The literature was systematically searched, finding 182 articles analyzing mathematics assessments with DCM. This review highlights insights from DCM studies across a range of topics, including the sequences in which skills are learned, differences between problem-solving strategies, differences in learning across education systems, and the role of foundational knowledge when learning more advanced skills. Concerns about some uses of DCM are raised and future research directions are recommended.",,10.3102/00346543261480692,assessment;mathematics education;cognition;student cognition;testing;test theory/development;item-response theory;research methodology;statistics;ATTRIBUTE HIERARCHY METHOD;Q-MATRIX;VALIDATION;KNOWLEDGE;SKILLS;IRT
F0082,"Erratum to Using the Bayesian Network's Structural Learning Algorithm to Estimate the Q-Matrix in Cognitive Diagnosis Models (Dec, 10.3102/10769986251412822, 2025)","Wang, L. L. and Xin, T. and Sun, X. J.",JOURNAL OF EDUCATIONAL AND BEHAVIORAL STATISTICS,,,,,2026,,,,,10.3102/10769986251412822,
F0119,Issues and possible solutions in cognitive diagnosis modeling applications: The case of a large-scale educational assessment in Mexico,"Escudero, Scarlett and Lira, Ramses Vazquez and Leenen, Iwin and Sorrel, Miguel A.",ANALES DE PSICOLOGIA,,,,,2026,,,"Cognitive diagnosis modeling (CDM) is a proposed framework for the creation and analysis of measurement tools that originated in the field of education and have extended to other areas of interest in psychology. These models have received a lot of attention in recent years, resulting in an abundance of theoretical contributions. However, there is still a shortage of studies applying these methodologies to real data. It is essential to evaluate the procedures in their natural context of application and to provide solutions tailored to the problems that may arise in practice. The purpose of this study is to apply CDM to a large-scale evaluation that assesses high school teachers in Mexico, which was designed based on a CDM framework. Five issues are identified that arose in the analysis of these data and provide guidelines on how to explore and find solutions to these issues with implementation in R. Besides discussing psychometric solutions, this paper also emphasizes the importance of consulting with content experts. By highlighting potential challenges that can arise even when all necessary elements for a large-scale CDM educational assessment are in place, this study aims to guide future empirical applications and methodological proposals.",,10.6018/analesps.650971,Cognitive diagnosis modeling;Educational assessment;Validity;R language;Q-MATRIX MISSPECIFICATION;CLASSIFICATION MODELS;ACCURACY;FIT;IRT
F0148,Profiling Metacognitive Knowledge and Growth Mindset in EFL Vocabulary Learning,"Xing, Weili (Allen) and Teng, Mark Feng",INTERNATIONAL JOURNAL OF APPLIED LINGUISTICS,,,,,2026,,,"Guided by the self-regulated learning (SRL) framework, the present study investigates the associations between metacognitive knowledge and growth mindset in EFL (English as a Foreign Language) vocabulary learning, addressing a critical gap in the literature. While metacognitive knowledge, comprising person, task, and strategy dimensions, plays a central role in SRL, its relationship with growth mindset, a motivational construct rooted in educational psychology, remains underexplored. Drawing on structural equation modeling (SEM), this research analyzes data from 451 Chinese EFL learners to assess how metacognitive knowledge components are linked to growth mindset dimensions (commitment belief, positive self-talk, and age-sensitivity beliefs). Preliminary correlation analyses revealed significant positive associations between metacognitive knowledge and growth mindset. SEM results further indicated that strategy knowledge had the strongest positive associations with all growth mindset components, while person knowledge was positively related to positive self-talk and age-sensitivity beliefs. Surprisingly, task knowledge was negatively associated with age-sensitivity beliefs. The findings highlight the pivotal role of metacognitive knowledge, particularly strategy awareness, in fostering a growth mindset, offering both theoretical and pedagogical implications for vocabulary instruction. This study extends SRL theory by clarifying cognitive-motivational interactions within vocabulary learning contexts. (sic)(sic)(sic)(sic)(sic)(sic)(sic)(sic)(sic)(sic)(self-regulated learning, SRL)(sic)(sic)(sic)(sic)(sic), (sic)(sic)(sic)(sic)(sic)(sic)(sic)(sic)(sic)(sic)(sic)(sic)(sic)(sic)(sic)(sic)(sic)(sic)(sic)(sic)(English as a Foreign Language, EFL)(sic)(sic)(sic)(sic)(sic)(sic)(sic)(sic)(sic)(sic), (sic)(sic)(sic)(sic)(sic)(sic)(sic)(sic)(sic)(sic)(sic)(sic)(sic)(sic)(sic).(sic)(sic)(sic)(sic)(sic)(sic)(sic)(sic)(sic),(sic)(sic)(sic)(sic)(sic)(sic)(sic)(sic)(sic), (sic)(sic)(sic)(sic)(sic)(sic)(sic)(sic)(sic)(sic)(sic)(sic)(sic)(sic), (sic)(sic)(sic)(sic)(sic)(sic)(sic)(sic)(sic)(sic)(sic)(sic)(sic)(sic)(sic)(sic)(sic)(sic)(sic)(sic)(sic)(sic)(sic)(sic)(sic)(sic)(sic)(sic)(sic)(sic)(sic)(sic)(sic)(sic)(sic)(sic)(sic).(sic)(sic)(sic)(sic)(sic)(sic)(sic)(sic)(sic)(sic)(sic), (sic)451(sic)(sic)(sic) EFL (sic)(sic)(sic)(sic)(sic)(sic)(sic)(sic)(sic)(sic), (sic)(sic)(sic)(sic)(sic)(sic)(sic)(sic)(sic)(sic)(sic)(sic)(sic)(sic)(sic)(sic)(sic)(sic)(sic)(sic)(sic)((sic)(sic)(sic)(sic),(sic)(sic)(sic)(sic)(sic)(sic),(sic)(sic)(sic)(sic)(sic)(sic)(sic))(sic)(sic)(sic)(sic)(sic).(sic)(sic)(sic)(sic)(sic)(sic)(sic)(sic), (sic)(sic)(sic)(sic)(sic)(sic)(sic)(sic)(sic)(sic)(sic)(sic)(sic).(sic)(sic)(sic)(sic)(sic)(sic)(sic)(sic)(sic)(sic)(sic)(sic)(sic)(sic), (sic)(sic)(sic)(sic)(sic)(sic)(sic)(sic)(sic)(sic)(sic)(sic)(sic)(sic)(sic)(sic)(sic)(sic)(sic)(sic)(sic)(sic)(sic)(sic);(sic)(sic)(sic)(sic)(sic)(sic)(sic)(sic)(sic)(sic)(sic)(sic)(sic)(sic)(sic)(sic)(sic)(sic)(sic)(sic)(sic)(sic);(sic)(sic)(sic)(sic)(sic)(sic)(sic)(sic)(sic)(sic)(sic)(sic)(sic)(sic)(sic)(sic)(sic)(sic)(sic).(sic)(sic)(sic)(sic)(sic)(sic)(sic)(sic)(sic)(sic)(sic)(sic), (sic)(sic)(sic)(sic)(sic)(sic)(sic), (sic)(sic)(sic)(sic)(sic)(sic)(sic)(sic)(sic)(sic)(sic)(sic)(sic)(sic), (sic)(sic)(sic)(sic)(sic)(sic)(sic)(sic)(sic)(sic)(sic)(sic)(sic)(sic)(sic)(sic)(sic)(sic)(sic)(sic)(sic)(sic)(sic)(sic)(sic)(sic)(sic).",,10.1111/ijal.70082,growth mindset;metacognitive knowledge;self-regulated learning;structural equation modeling;vocabulary learning;(sic)(sic)(sic)(sic)(sic);(sic)(sic)(sic)(sic)(sic);(sic)(sic)(sic)(sic);(sic)(sic)(sic)(sic)(sic)(sic);(sic)(sic)(sic)(sic)(sic)(sic);FIT INDEXES;ATTRIBUTIONS;MOTIVATION
F0149,Reframing future skills in the age of AI: a conceptual introduction to the adaptive creative intelligence (ACI) framework,"Abu Khadra, Shadi F.",LEARNING FUTURES AND EMERGING TECHNOLOGIES,,,,,2026,,,"Purpose This paper aims to reconceptualize future-ready skills in the age of artificial intelligence (AI) by introducing the adaptive creative intelligence (ACI) framework. It argues that traditional twenty-first-century skill models are no longer sufficient in AI-mediated contexts and proposes ACI as an integrative, human-centered competency that brings together creativity, adaptability and ethical judgment. The paper seeks to contribute a conceptual foundation to ongoing debates on how education systems can better prepare learners for uncertain and rapidly evolving AI-driven futures. Design/methodology/approach The study adopts a conceptual and integrative approach grounded in critical analysis of interdisciplinary literature on creativity, future skills and AI in education. Key theoretical frameworks and international policy reports are synthesized to identify conceptual gaps in existing models. Based on this analysis, the ACI framework is developed as a coherent lens for understanding human-AI interaction, creative adaptation and ethical decision-making in educational contexts. Findings The paper proposes ACI as a future-oriented competency that reframes creativity as a dynamic, context-sensitive and ethically grounded process emerging through human-AI interaction. The framework identifies three interrelated components - sensemaking in AI-rich environments; creative transfer and transformation; and human-centered ethical judgment - highlighting how these capacities remain essential despite increasing automation and algorithmic support. Research limitations/implications As a conceptual paper, this study does not include empirical data. Its primary contribution lies in theoretical integration rather than empirical validation. Future research is encouraged to operationalize and empirically examine ACI across educational levels and cultural contexts, including design-based and longitudinal studies investigating its impact on learning, creativity and ethical reasoning in AI-supported environments. Practical implications The ACI framework offers educators and curriculum designers a practical lens for designing learning activities that move beyond AI use as content delivery toward human-AI co-creation. It supports the development of pedagogies, assessments and professional development practices that foreground creative adaptation, reflective judgment and responsible AI use, without requiring advanced technical infrastructure. Social implications By foregrounding human agency and ethical judgment, ACI addresses social concerns related to over-reliance on algorithmic decision-making, bias and inequity in AI-mediated systems. The framework supports more responsible and inclusive educational futures by emphasizing human values, accountability and creativity as central to navigating technological change. Originality/value This paper introduces ACI as a novel conceptual framework that reframes future skills in response to AI-mediated learning environments. Unlike existing twenty-first-century skill models, ACI integrates sensemaking, creative transfer and human-centered ethical judgment into a unified competency grounded in human-AI co-agency. The paper advances originality by positioning creativity as a dynamic, context-responsive capacity rather than a static trait. Its value lies in offering educators, researchers and policymakers a coherent framework for curriculum design, assessment and teacher preparation aligned with emerging AI-driven educational futures.",,10.1108/lfet-12-2025-0142,Artificial intelligence (AI);Future skills;Adaptive creative intelligence (ACI);Creativity in education;AI literacy;Conceptual framework
F0153,Research Trends and Challenges in Diagnostic Classification Models: Insights from Dynamic Topic Modeling,"Lee, Seonae and Lee, Taehun and Liu, Ren and Joo, Soohyung and Shi, Dexin",MEASUREMENT-INTERDISCIPLINARY RESEARCH AND PERSPECTIVES,,,,,2026,,,"This study aims to provide a comprehensive understanding of the research landscape of Diagnostic Classification Models (DCMs) and to support future model development and application by systematically reviewing research trends from 1992 to 2024. DCMs have received growing attention for their characteristic of delivering fine-grained diagnostic information on attribute mastery. However, despite decades of research, systematic analyses of trends in DCMs have remained limited, making it difficult to define the research scope and anticipate future developments. To address this gap, Dynamic Topic Modeling (DTM) was employed to explore key research topics and their temporal evolution. Among the identified topics, 13 were labeled, highlighting prominent themes such as Cognitive Diagnostic Computerized Adaptive Testing (CD-CAT), attribute hierarchy modeling, and Bayesian methodologies. Recently, the rise of artificial intelligence, especially deep learning, has accelerated research on neural network-based DCMs. By providing a comprehensive overview of DCMs research trends, this study assessed progress in the field and provided a foundation for future model development and application.",,10.1080/15366367.2025.2493998,Diagnosis classification models (DCMs);cognitive diagnosis models (CDMs);dynamic topic modeling (DTM);review;research trends;HIDDEN MARKOV MODEL;LATENT CLASS MODELS;COGNITIVE DIAGNOSIS;DINA MODEL;Q-MATRIX;HIGHER-ORDER;RULE-SPACE;WALD TEST;MISSPECIFICATION;IDENTIFIABILITY
F0166,Test retrofitting with competence-based knowledge space theory: empirical applications with two educational tools,"Morleo, Federica and Vitanza, Alessandra and Anselmi, Pasquale",EDUCATIONAL ASSESSMENT EVALUATION AND ACCOUNTABILITY,,,,,2026,,,"A critical issue within the educational system is the availability of assessment tools capable of accurately describing the skills mastered by a student and those that are not. Competence-based Knowledge Space Theory (CbKST) is a mathematical theory for the formative assessment of skills that aims to precisely identify the set of skills an individual possesses based on the responses to test items. The current landscape in educational measurement includes lots of good tests designed under theories other than CbKST, which, after appropriate analysis, could be used for skill assessment. Identifying the skills underlying the responses to the items of these tests could enable educational stakeholders to obtain precise feedback about students' mastery of each skill. This work describes retrofitting of existing tests in the framework of CbKST. In particular, it provides a step-by-step guide useful to identify the skills measured by the test and the way they are associated with the items. Retrofitting is illustrated in practice through applications on empirical data collected using two educational tests. Finally, the information about the test, its items, and students' skills that can be gained from retrofitting is explored and discussed.",,10.1007/s11092-025-09475-8,Competence-based knowledge space theory;Retrofitting;Educational assessment;Skill assessment;Formative assessment;DIAGNOSTIC CLASSIFICATION MODELS;GAIN-LOSS MODEL;Q-MATRIX
F0191,A cross-age odyssey of cognitive reading attributes: a scoping review,"Mohd Noh, Muhamad Firdaus and Mohd Matore, Mohd Effendi Ewan and Sulaiman, Nur Ainil",FRONTIERS IN PSYCHOLOGY,,,,,2025,,,"Reading is a fundamental cognitive-linguistic process that involves the dynamic interaction of multiple interrelated cognitive and perceptual mechanisms. Existing reading models are often limited in fully capturing the intricate relationships between reading attributes across different age groups. This review aims to compare the cognitive attributes utilized in reading assessments for young and adult readers. Using a scoping review methodology, the study analyzed 47 empirical studies selected through a systematic search of reputable academic databases, Scopus, Web of Science, and Google Scholar, from an initial pool of 331 publications. The selection followed a screening process based on three inclusion and exclusion criteria: types of publications, language, and skills assessed. A distinctive pattern emerges in the assessment of cognitive reading skills across age groups, with adult readers evaluated on a wider array of attributes that encompass both fundamental skills and higher order cognitive abilities. In contrast, young readers' assessments tend to center on a narrower spectrum of subskills, primarily emphasizing literal and interpretive comprehension. This developmental pattern calls for the refinement of existing assessment models to better capture the progressive nature of cognitive reading development. Tailoring assessment tools and instructional strategies to align with learners' cognitive demands is imperative for internal stakeholders, while external stakeholders are urged to develop age-appropriate assessments. Future research could address the study's limitations by exploring advanced technologies, such as eye tracking, conducting rigorous reviews, performing cross-linguistic comparative studies, and evaluating diverse assessment methods to enhance the accuracy, effectiveness, and generalizability of reading assessments across various contexts.",,10.3389/fpsyg.2025.1605898,reading skills;cognitive reading attributes;language assessment;scoping review;cognitive diagnostic;DIAGNOSTIC CLASSIFICATION MODELS;Q-MATRIX;COMPREHENSION;PROFILES;ABILITY
F0261,Defining an optimal cut-off for subscales without a gold standard: a novel method using inflection points of latent attribute probabilities and raw scores,"Demir, Pervin and Yuksel, Selcen",QUALITY OF LIFE RESEARCH,,,,,2025,,,"PurposeThis study introduces Inf.P, a novel method for determining optimal cut-off points using the inflection point approach in the absence of a gold standard. It models the nonlinear relationship between raw scores and latent class probabilities with a cubic polynomial function, offering a data-driven boundary that reflects the underlying latent structure. Inf.P enhances diagnostic precision of scale-based assessments by providing more accurate thresholds for distinguishing different levels of latent attributes.MethodsTo evaluate the Inf.P, high- and low-attribute groups were created for benchmarking. The method was compared to the traditional Youden Index through a comprehensive simulation study, exploring variations in sample sizes and item numbers. Real-world data were also employed to assess its applicability. Performance was assessed using accuracy, bias, and mean squared error (MSE).ResultsThe Inf.P method demonstrated lower bias and MSE compared to the Youden Index, especially when specificity was prioritized. Both methods yielded similar accuracy in larger samples, but Inf.P provided more reliable cut-off points. In smaller samples, the difference between estimated cut-off points increased with the number of items but decreased in larger samples. These findings suggest that studies with small sample sizes should consider limiting the number of items to maintain optimal cut-off precision.ConclusionInf.P offers a robust and reliable approach for defining optimal cut-off in scale-based assessments of complex latent traits, supported by real data, with an interactive web tool available for practical use (https://spapp.shinyapps.io/InfPcutoff/). It promises to enhance diagnostic accuracy and clinical decision-making, particularly in the assessment of psychological and neurological disorders, as well as in determination of quality of life.",,10.1007/s11136-025-04113-8,Cut-off point;Inflection point;Latent attribute;No gold standard;Raw score;Scale-based assessment;COGNITIVE DIAGNOSIS MODEL;R PACKAGE;RELIABILITY;AGREEMENT;VALIDITY
F0273,Efficient and Effective Variational Bayesian Inference Method for Log-Linear Cognitive Diagnostic Model,"Wang, Xue and Zhang, Jiwei and Lu, Jing",PSYCHOMETRIKA,,,,,2025,,,"In this paper, we propose a novel and highly effective variational Bayesian expectation maximization-maximization (VBEM-M) inference method for log-linear cognitive diagnostic model (CDM). In the implementation of the variational Bayesian approach for the saturated log-linear CDM, the conditional variational posteriors of the parameters that need to be derived are in the same distributional family as the priors, the VBEM-M algorithm overcomes this problem. Our algorithm can directly estimate the item parameters and the latent attribute-mastery pattern simultaneously. In contrast, Yamaguchi and Okada's (2020a) variational Bayesian algorithm requires a transformation step to obtain the item parameters for the log-linear cognitive diagnostic model (LCDM). We conducted multiple simulation studies to assess the performance of the VBEM-M algorithm in terms of parameter recovery, execution time, and convergence rate. Furthermore, we conducted a series of comparative studies on the accuracy of parameter estimation for the DINA model and the saturated LCDM, focusing on the VBEM-M, VB, expectation-maximization, and Markov chain Monte Carlo algorithms. The results indicated that our method can obtain more stable and accurate estimates, especially for the small sample sizes. Finally, we demonstrated the utility of the proposed algorithm using two real datasets.",,10.1017/psy.2024.7,cognitive diagnostic assessments;expectation-maximization algorithm;log-linear cognitive diagnostic model;Markov chain Monte Carlo;variational Bayesian algorithm;DINA MODEL;CLASSIFICATION MODELS;PARAMETER-ESTIMATION;Q-MATRIX;FAMILY
F0354,"Real-life applications of competence-based test development to the construction, improvement, and shortening of tests","Anselmi, Pasquale and Heller, Juergen and Stefanutti, Luca and Robusto, Egidio and Barillari, Giulia",EDUCATION AND INFORMATION TECHNOLOGIES,,,,,2025,,,"Competence-based test development (CbTD) is a novel method for constructing tests that are as informative as possible about the competence state (the set of skills an individual masters) underlying the item responses. If desired, the tests can also be minimal, meaning that no item can be eliminated without reducing their informativeness. To demonstrate the usefulness and usability of CbTD in practice, this work illustrates real-life applications to the construction of a test from scratch, and the improvement and shortening of existing tests. In particular, a test for the assessment of students' mathematical formulation is constructed from scratch and validated using empirical data collected from middle and high school students. A booklet of the TIMSS 2003 eighth grade mathematics test is improved by adding a minimal set of items appropriately selected from another booklet of the same test, and the resulting booklet is compared with the original one. Finally, a shortened form of a well-known fraction subtraction test is developed and compared to other forms of the same length. The findings suggest that CbTD can help to improve the development of tests by identifying specific items needed to assess particular competence states. It can also support assessment practice in at least two respects: by enabling an unambiguous and precise identification of individuals' competence states, which helps plan personalized interventions, and by allowing for assessments that are shorter but just as accurate as longer ones.",,10.1007/s10639-025-13581-x,Skill assessment;Test construction;Short tests;Competence structure;Competence model;Problem function;ITEM RESPONSE THEORY;GAIN-LOSS MODEL;ABBREVIATED FORM;Q-MATRIX;CLASSIFICATION ACCURACY;DIAGNOSTIC-ASSESSMENT;KNOWLEDGE SPACES;SKILLS
F0375,The Generalized Cognitive Diagnosis Model Framework for Polytomous Attributes,"de la Torre, Jimmy and Qiu, Xuelan and Santos, Kevin Carl",PSYCHOMETRIKA,,,,,2025,,,"For classroom teaching and learning, classifying students' skills into more than two categories (e.g., no, basic, and advanced masteries) is more instructionally relevant. Such classifications require polytomous attributes, for which most existing cognitive diagnosis models (CDMs) are inapplicable. This paper proposes the saturated polytomous cognitive diagnosis model (sp-CDM), a general model that subsumes existing CDMs for polytomous attributes as special cases. The generalization is shown by mathematically illustrating the relationships between the proposed and existing CDMs. Moreover, algorithms to estimate the proposed model is proposed. A simulation study is conducted to evaluate the parameter recovery of the sp-CDM using the proposed estimation algorithms, as well as to illustrate the consequences of improperly fitting constrained or unnecessarily complex polytomous-attribute CDMs. A real-data example involving polytomous attributes is presented to demonstrate the practical utility of the proposed model.",,10.1017/psy.2024.16,cognitive diagnosis models;G-DINA;parameter estimation;polytomous attributes;DINA MODEL;Q-MATRIX;IDENTIFIABILITY;CLASSIFICATION
F0380,Tracking the Development of L2 Reading Subskills Using Longitudinal Cognitive Diagnosis Models,"Chen, Huilin and Lin, Zhiqing and Chen, Qipeng and Zhan, Peida",LANGUAGE ASSESSMENT QUARTERLY,,,,,2025,,,"Because of the need to provide fine-grained longitudinal diagnostic feedback, longitudinal cognitive diagnosis is an emerging approach that integrates cross-sectional cognitive diagnosis models (CDM) with longitudinal data analysis techniques. By adopting the generalized longitudinal higher-order log-linear CDM, this study attempted to track the development of reading subskills in undergraduate L2 learners in China. In an interval of one semester, 353 students took two 20-item school-based reading tests linked by five anchor items. It was discovered that generalized longitudinal CDM fit the data better than reduced longitudinal models. With only indirect intervention in one semester, the general reading competence for the whole sample improved significantly, though learners' mastery of most individual reading subskills did not show significant changes. Students progressing in general reading competence were found to make significant progress in unconstrained subskills, whereas students regressing in general reading competence were found to regress significantly in unconstrained subskills. The change of latent class size confirmed that reading subskills were more closely linked for the students progressing in general reading competence, which again reflects the interactive and compensatory characteristics of reading subskill relationships.",,10.1080/15434303.2025.2497821,HIDDEN MARKOV MODEL;INDIVIDUAL-DIFFERENCES;CONTENT VALIDITY;HIGHER-ORDER;Q-MATRIX;COMPREHENSION;ACQUISITION;LANGUAGE;COMPLEXITY;INVARIANCE
F0393,A computationally efficient Gibbs sampler based on data-augmentation strategy for estimating the reparameterized DINA model,"Zhang, Jiwei and Zhang, Zhaoyuan and Lu, Jing",COMMUNICATIONS IN STATISTICS-SIMULATION AND COMPUTATION,,,,,2024,,,"With the increasing demand for precise test feedback, cognitive diagnosis models (CDMs) have attracted more and more attention for fine classification of students with regard to their ability to master given skills. The aim of this paper is to use a highly effective Gibbs algorithm based on auxiliary variables (GAAV) to estimate the deterministic input noisy and gate (DINA) model that is widely used for cognitive diagnosis. The applicability of the algorithm to other CDMs is also discussed. Unlike the Metropolis-Hastings algorithm, this new algorithm does not require repeated adjustment of the turning parameters to achieve an appropriate acceptance probability, and it also overcomes the dependence of the traditional Gibbs sampling algorithm on the conjugate prior distribution. Four simulation studies are conducted, and a detailed analysis of fraction subtraction test data is carried out to further illustrate the proposed methodology.",,10.1080/03610918.2023.2234667,Bayesian inference;Cognitive diagnosis;Gibbs algorithm based on auxiliary variable;Metropolis-Hastings algorithm;Potential scale reduction factor;Reparameterized DINA model;BAYESIAN-ESTIMATION;Q-MATRIX;CLASSIFICATION;IDENTIFIABILITY;DISTRIBUTIONS
F0422,Collaborative Optimization of Learning Team Formation Based on Multidimensional Characteristics and Constraints Modeling: A Team Leader-Centered Approach via E-CARGO,"Ma, Hua and Li, Jingze and Zhu, Haibin and Tang, Wensheng and Huang, Zhuoxuan and Tang, Yuqi",IEEE TRANSACTIONS ON COMPUTATIONAL SOCIAL SYSTEMS,,,,,2024,,,"With the massive popularization of e-learning, collaborative learning via learning teams has become indispensable to enhancing the learning efficiency and learning quality of overall learners. The team leader usually plays a key role in collaborative learning. However, the existing research ignores the key characteristics of learners and constraints relevant to e-learners when identifying appropriate team leaders and compatible members. A novel collaborative optimization approach to learning team formation is proposed based on a refined learner model and the environments-classes, agents, roles, groups, and objects (E-CARGO) model. With the proposed approach, a learner is modeled by combining 5-D characteristics (i.e., cognitive ability, leadership, sociability, learning style, and personality) and three types of constraints (e.g., conflicts, genders, and the number of members), and an assessment mechanism is designed to measure the comprehensive abilities of learners for identifying an ideal team leader and selecting the team members for a team. By innovatively introducing the role-based collaboration theory and E-CARGO model, the leader-centered learning team formation problem is formalized as a collaborative optimization problem. The mathematical model and the constraint relations are established for this problem, which is solved based on the IBM CPLEX package. Finally, a case study and experiments demonstrate that the proposed approach is efficient and feasible, in favor of improving the satisfaction degree of learners.",,10.1109/tcss.2022.3224762,Collaborative learning;environments-classes;agents;roles;groups;and objects (E-CARGO);learner model;learning team formation;team leader-centered;DINA MODEL;INTERNET;THINGS
F0456,IT IS IMPOSSIBLE TO INNOVATE ALONE: REFLECTIONS IN THE LIGHT OF OPEN INNOVATION THEORY AND THE KNOWLEDGE MANAGEMENT OF MULTINATIONALS,"Silva, Leisianny Mayara Costa and Calegario, Cristina Lelis Leal and Vieira, Kelly Carvalho and Grutzmann, Andre",GESTAO E DESENVOLVIMENTO,,,,,2024,,,"Discussions about the knowledge -based view of Multinational Enterprises (MNEs) have brought a series of managerial and organizational challenges regarding how these companies are innovating. The Open Innovation (OI) approach, at the same time that it contributes to clarifying this context, has seminal publications still hidden regarding knowledge management processes in MNEs. Therefore, this study aimed to analyze the main insights discussed in the literature regarding OI and its applicability through the knowledge -based view of MNEs, proposing a framework on the nature of knowledge components in this context. The methodological proposals are based on an Integrative Review inspired by Torraco (2016) and Gegenfurther et al. (2009), with a search in Scopus, Web Of Science Sage Journals, Wiley Online Library and Oxford Journals databases. As main results, the framework created points to the existence of microenvironmental and macroenvironmental components complemented by intersection axes. In the micro context, subsidiaries are seen as the main nucleus where the Internal OI process is developed along with mechanisms such as culture, adaptation and organizational agility, strategic orientation towards knowledge and finance. In the macro, the National OI Systems are at the core and the external mechanisms are academic institutions, public -private partnerships based on knowledge, suppliers and focus on the user. Finally, as intersection axes, there is the role of generating and protecting innovation and political, social and environmental aspects, which can play a complementary or decisive role in the OI process in MNEs.",,10.25112/rgd.v21i1.3344,Open Innovation;Multinationals;Knowledge-based view;SUBSIDIARIES;PERSPECTIVE
F0531,Bridging assessment and learning: a cognitive diagnostic analysis of a large-scale Spanish proficiency test,"Wang, Mengmeng",PORTA LINGUARUM,,,,,2023,,,"The literature has highlighted the importance of Cognitive Diagnostic Assessment (CDA) of large-scale, high-stakes language tests to assess the individualized strengths and weaknesses of every learner. However, there are relatively few studies on the accuracy and applicability of feedback information in follow-up teaching and learning practices. Using both the diagnostic results of 1933 test takers derived from the Generalized Deterministic Inputs, Noisy and Gate (G-DINA) model of a national Spanish test (EEE) and qualitative data from the test takers' literature reviews in their bachelor thesis drafts, the precision of the diagnostic feedback was examined to verify its usefulness for the improvement of academic reading. The results showed that the G-DINA model had an appropriate model fit to the test performance data, and that the CDA is able to identify the specific skill profiles of each test taker, which were not always consistent with the scores provided by classical test analysis. The triangulation of the diagnostic reports and the literature reviews from the learners' thesis drafts, clearly showed that CDA used for a large-scale test can assess reading skills accurately and the feedback is valuable for improving the future academic reading and thesis revision.",,10.30827/portalin.vi40.15930,Cognitive Diagnostic Assessment;Large-scale Test;Spanish;Individualized Learning;Reading;Q-MATRIX;RULE-SPACE;MODELS
F0589,NeuralCD: A General Framework for Cognitive Diagnosis,"Wang, Fei and Liu, Qi and Chen, Enhong and Huang, Zhenya and Yin, Yu and Wang, Shijin and Su, Yu",IEEE TRANSACTIONS ON KNOWLEDGE AND DATA ENGINEERING,,,,,2023,,,"Cognitive diagnosis is widely applicable in the scenarios where users' cognitive states need to be assessed, such as games and clinical measurement. Especially in intelligent education, which has become increasingly popular recent decades, cognitive diagnosis serves as a fundamental module for discovering the proficiency level of students on specific knowledge concepts. Existing approaches usually mine linear interactions of student exercising process by manually designed function (e.g., logistic function). However, the cognitive interactions between students and exercises is a complex process, and excessive simplifications would lead to under fitting and thus get inaccurate diagnostic results. Besides, the manually designed interaction functions are relatively inflexible and limits their extensibility. This consequently causes lack of consideration about useful non-numerical information in the cognitive process besides response logs. In this article, we propose a general Neural Cognitive Diagnosis (NeuralCD) framework as well as several implemented models (a basic implementation NeuralCDM and three extensions), where we project students and exercises to factor vectors and incorporates neural networks to learn the complex exercising interactions. To ensure the interpretability of diagnostic results, which is essential for cognitive diagnosis, we apply an monotonicity assumption to our NeuralCD framework. Moreover, NeuralCD is a general framework and has good extensibility. We show the generality of NeuralCD through proving how it can cover some traditional models. Then, we demonstrate the extensibility of NeuralCD, which benefits future developments. On one hand, we demonstrate content-based extensions where we provide examples of exploring the rich contents of exercise texts (CNCD-Q and CNCD-F). On the other hand, we demonstrate a knowledge-association based extension to show that NeuralCD is flexible for structural adjustments so as to solve specific problems. For instance, we improve the diagnostic results on uncovered knowledge concepts of a student by extending NeuralCD with the knowledge associations consideration (KaNCD). Extensive experimental results on real-world datasets show the effectiveness of NeuralCD framework with both accuracy and interpretability.",,10.1109/tkde.2022.3201037,Intelligent education;personalized learning;cognitive diagnosis;neural network;ITEM RESPONSE THEORY;DINA MODEL;PERFORMANCE;SYSTEM
F0646,Assessing Language Skills Using Diagnostic Classification Models: An Example Using a Language Instrument,"Sideridis, Georgios D. and Tsaousis, Ioannis and Al-Harbi, Khaleel",INTERNATIONAL JOURNAL OF PSYCHOLOGICAL RESEARCH,,,,,2022,,,"The primary purpose of the present study is to inform and illustrate, using examples, the use of Diagnostic Classification Models (DCMs) for the assessment of skills and competencies in cognition and academic achievement. A secondary purpose is to compare and contrast traditional and contemporary psychometrics for the measurement of skills and competencies. DCMs are described along the lines of other psychometric models within the Confirmatory Factor Analysis tradition such as the bifactor model and the known mixture models that are utilized to classify individuals into subgroups. The inclusion of interaction terms and constraints along with its confirmatory nature enables DCMs to accurately assess the possession of skills and competencies. The above is illustrated using an empirical dataset from Saudi Arabia (n = 2642), in which language skills are evaluated on how they conform to known levels of competency based on the CEFR (Council of Europe, 2001) using the English Proficiency Test (EPT).",,10.21500/20112084.5657,Cognitive Diagnostic Models;Diagnostic Classification Models;CEFR;bifactor models;language;Q-MATRIX;CEFR;FIT
F0652,Cognitive diagnosis models of students' skill profiles as a basis for adaptive teaching: an example from introductory accounting classes,"Helm, Christoph and Warwas, Julia and Schirmer, Henry",EMPIRICAL RESEARCH IN VOCATIONAL EDUCATION AND TRAINING,,,,,2022,,,"A critical limiting factor for adaptive teaching is the availability of diagnostic tools that allow reliable and valid assessments of students' domain-specific skills in a way that produces detailed information for planning subsequent instructional strategies. The present study demonstrates how Cognitive Diagnosis Models (CDM) can deliver fine-grained diagnostic information on students' skills in dealing with domain-specific tasks, using introductory accounting as an exemplary field of application. Based on data from a sample of 773 students from secondary business schools in Austria, statistical analyses that incorporated several criteria for evaluating model fit corroborate theoretical assumptions on distinct skills as multiple dimensions of accounting competence. Moreover, they illustrate that CDMs allow not only to quantify the shares of students who have mastered or still lack each accounting skill but also to identify individual skill profiles, which can serve as reliable classification criteria to distinguish homogeneous or heterogeneous ability groups among the learners. We conclude by discussing the practical implications of different diagnostic information obtained from CDM outputs for generic strategies of adaptive teaching, again with an illustrative focus on introductory accounting instruction.",,10.1186/s40461-022-00137-3,Cognitive diagnosis model;Skill profiles;Introductory accounting education;Adaptive teaching;Within-class ability-grouping;DIFFERENTIATED INSTRUCTION;CLASSIFICATION CONSISTENCY;LOAD THEORY;Q-MATRIX;ACHIEVEMENT;PERFORMANCE;EDUCATION;ACCURACY;FIT
F0656,COMPETENCY IN PUBLIC ADMINISTRATION: PROPOSAL FOR A GLOSSARY BASED ON THE NATIONAL SCIENTIFIC PRODUCTION,"Barros, Ana Caroline de Sousa and Hoffmann, Valmir Emil",REVISTA DO SERVICO PUBLICO,,,,,2022,,,"Public organizations are adopting skill models, which seek to describe necessary characteristics to carry out functions. This study identifies the skills presented in national articles and proposes a glossary that can be used as a starting point for its refinement and adaptation to the institutional reality in the process of skill mapping in public administration. For data collection, we used articles indexed to the Spell journal database, and skills were grouped according to the classification brought by the authors or identified in the literature. Data were processed through social network analysis. As a result, a glossary with 22 skills was provided and management skills were the most frequent. We also observed the prioritization of skills that can be considered subjective, indicating that the institutionalization of the process of evaluation of these skills can represent a challenge for organizations.",,10.21874/rsp.v73.i3.6369,competency;glossary;public service;new public administration;MANAGEMENT;SKILLS
F0672,Examining cognitive diagnostic modeling in classroom assessment conditions,"Paulsen, Justin and Valdivia, Dubravka Svetina",JOURNAL OF EXPERIMENTAL EDUCATION,,,,,2022,,,"Cognitive diagnostic models (CDMs) are a family of psychometric models designed to provide categorical classifications for multiple latent attributes. CDMs provide more granular evidence than other psychometric models and have potential for guiding teaching and learning decisions in the classroom. However, CDMs have primarily been conducted using large samples. This study examines estimating CDMs in small sample conditions to aid formative learning. Three CDMs were compared across simulated classroom assessment conditions: deterministic input, noisy and gate (DINA) model, non-parametric cognitive diagnosis (NPCD), and supervised artificial neural network (SANN). We found all models estimated examinee classifications at the smallest sample size. Accuracy of individual attribute mastery classifications was acceptably high for the models under certain conditions. Effective item discrimination was the most important factor to accurately classify. The DINA and NPCD models were more resilient to measurement error than the SANN. Recommendations for application of CDMs in the classroom are provided.",,10.1080/00220973.2021.1891008,Cognitive diagnostic models;classroom assessment;nonparametric cognitive diagnosis;small sample;supervised artificial neural network;DINA MODEL;CLASSIFICATION MODELS;HIGHER-ORDER;Q-MATRIX
F0683,Lessons Learned: Achieving Consensus About Learning Disability Assessment and Diagnosis,"Williams, Tricia and Wiener, Judith and Lennox, Carolyn and Kokai, Maria",CANADIAN JOURNAL OF SCHOOL PSYCHOLOGY,,,,,2022,,,"The current paper describes the process used for developing the Guidelines for Diagnosis and Assessment of Children, Adolescents, and Adults with Learning Disabilities-Consensus Statement and Supporting Documents, and the rationale for some of the decisions. The guidelines were developed by a cross-sectoral working group of psychologists who achieved a consensus on the criteria for diagnosis and the assessment process. We outline key features of the guidelines, describe topics where the group achieved consensus quickly and topics for which there was considerable debate (e.g., intelligence testing, ability/achievement discrepancy, and processing deficits). The group members shared information with each other about topics such as the advantages of early assessment, the importance of formally assessing effort and motivation, and assessment of culturally and linguistically diverse individuals. We conclude with the lessons learned and professional challenges regarding contextual influences on LD assessment and diagnosis and dissemination of research to practitioners.",,10.1177/08295735221089457,learning disability;exceptionalities;disabilities;standardized assessment;education assessment;school psychologists;counselors;education professionals;diagnostic classification models;measurement;NEUROPSYCHOLOGICAL ASSESSMENT;READING DISABILITIES;SYMPTOM VALIDITY;LOW SCORES;CHILDREN;IDENTIFICATION;DEFICITS;MEMORY;IQ;INTERVENTION
F0724,Tracking knowledge proficiency of students with calibrated Q-matrix,"Wang, Wentao and Ma, Huifang and Zhao, Yan and Li, Zhixin and He, Xiangchun",EXPERT SYSTEMS WITH APPLICATIONS,,,,,2022,,,"With the emergence of intelligent educational systems, numerous research works are dedicated to Knowledge Tracing (KT), which refers to the issue of diagnosing students' changing knowledge proficiency in exercises. Recent developments in KT have yielded immense success on this task and they mainly use sophisticated and flexible deep neural network-based models to fully exploit the interaction information between students and response logs. However, these models either ignore the significance of Q-matrix associated exercises with knowledge concepts (KCs) or fail to avoid the subjective tendency of experts within the Q-matrix. To tackle these problems, in this paper, we devise a novel Calibrated Q-matrix-based Knowledge Tracing (CQKT) framework to track knowledge proficiency of students dynamically in KT. To be specific, for the original Q-matrix, we primarily strive to capture the high-order connectivity between exercises and KCs to obtain potential KCs of each exercise by utilizing graph convolution network. Then, three Q-matrix calibration methods based on a pairwise Bayesian treatment equipped with potential KCs are adopted to refine and calibrate the raw Q-matrix so that the subjective tendency of the Q-matrix defined by domain experts can be weakened. After that, the embedding of each exercise aggregated the calibrated Q-matrix with historical student interactions is injected into the Long Short-Term Memory (LSTM) network to trace students' knowledge states. Extensive experiments are conducted on three real-world benchmark datasets and the results show the superiority of CQKT. In particular, we demonstrate its practicability via applying it to three fundamental educational tasks, including score prediction, knowledge state estimation, and diagnosis result visualization.",,10.1016/j.eswa.2021.116454,Knowledge tracing;Calibrated Q-matrix;High-order connectivity;Graph convolution network;COGNITIVE DIAGNOSIS
F0747,ANALYSIS OF FORMING OF THE PROFESSIONAL COMPETENCE AND THE RATIONAL USE OF HUMAN CAPITAL IN THE DIGITAL ECONOMY,Endovitsky A Dmitry and Tinyakova I Viktoriya and Morozova I Natalia and Karyagina V Tatyana and Fedotova A Marina,INTERNATIONAL REVIEW,,,,,2021,,,"The authors of the article consider the problems of professional and personal competence development adequate to the digital economy challenges. They emphasized that it is necessary to shift the emphasis from obtaining only the knowledge component to a personality-oriented, developing cognitive activity in the traditional education system. The task of the modern education system should be to teach the listener to learn. As you know, the digital economy is based on the idea of transaction cost reduction because people are removed from value chains. Routine operations will be automated, and a number of professional activities will disappear. This will affect the labor market and its structure; in order to maintain his competitiveness, a person will have to look for a new application and complete his profile of professional competence quickly. In the age of innovation and rapid development of IT technologies, human capital will become the main economic resource of companies. It is the rational use of each person potential, the creation of conditions for his harmonious development that will determine a company competitive position in the market. The business community and the education system should become business partners that mutually influence each other in the context of digital transformation.",,10.5937/intrev2103130e,competence;professional skills;human capital;digital economy;education system;economic resource;information;professional activity;qualification level;knowledge;CONSUMER COOPERATION;SYSTEM
F0761,Computer-assisted language proficiency assessment tools and strategies,"Bahari, Akbar",OPEN LEARNING,,,,,2021,,,"This study reports on a review of 286 peer-reviewed articles from 2002-2018 to identify the mainstream assessment tools and strategies adopted for language proficiency assessment in computer-assisted language learning studies. Given the diversity of tools and strategies being adopted for assessment purposes, it was highly critical to trace the research trajectory in order to predict the future of assessment trends based on reported inconsistencies and suggestions. The study revealed that assessment tools and strategies addressing the dynamicity and nonlinearity of individual-test-taker differences via adaptive, interactive, and dynamic approaches were on the rise. The study highlighted reports that have been overlooked for two-decades and show the inconsistency and deficiency of adopting pencil-and-paper duplicates for computer-assisted assessment purposes. Based on the findings it can be predicted that computer-assisted assessment is moving towards integrated skills assessment as well as nonlinear dynamic individual-learner-centred assessment. Outlining the mainstream assessment tools and strategies and predicting the future direction of language proficiency assessment studies, have significant pedagogical, theoretical and assessment implications for CALL studies in particular and for the broader field of language acquisition in general.",,10.1080/02680513.2020.1726738,Language proficiency assessment;assessment tool;assessment strategy;computer-assisted assessment;Computer-Assisted Language Learning (CALL);PEDAGOGICAL CONTENT KNOWLEDGE;EFFECTIVE PEER ASSESSMENT;MOBILE-BASED ASSESSMENT;E-PORTFOLIO ASSESSMENT;FONF PRACTICE MODEL;DYNAMIC ASSESSMENT;HIGHER-EDUCATION;VOCABULARY ACQUISITION;BEHAVIORAL INTENTION;Q-MATRIX
F0763,Detecting Differential Item Functioning Using Cognitive Diagnosis Models: Applications of the Wald Test and Likelihood Ratio Test in a University Entrance Examination,"Mehrazmay, Roghayeh and Ghonsooly, Behzad and De la Torre, Jimmy",APPLIED MEASUREMENT IN EDUCATION,,,,,2021,,,"The present study aims to examine gender differential item functioning (DIF) in the reading comprehension section of a high stakes test using cognitive diagnosis models. Based on the multiple-group generalized deterministic, noisy and gate (MG G-DINA) model, the Wald test and likelihood ratio test are used to detect DIF. The flagged items are further inspected to find the attributes they measure, and the probabilities of correct response are checked across latent profiles to gain insights into the potential reasons for the occurrence of DIF. In addition, attribute and latent class prevalence are examined across males and females. The three items displaying large DIF involve three attributes, namely Vocabulary, Main Idea, and Details. The results indicate that females have lower probabilities of correct response across all latent profiles, and fewer females have mastered all the attributes. Moreover, the findings show that the same attribute mastery profiles are prevalent across genders. Finally, the results of the DIF analysis are used to select models that could replace the complex MG G-DINA without significant loss of information.",,10.1080/08957347.2021.1987906,Q-MATRIX;GENERAL-METHOD;RULE-SPACE;COMPREHENSION;ABILITY;KNOWLEDGE;GENDER;DIF
F0771,Examining the L2 reading comprehension ability of adult ELLs: Developing a diagnostic test within the cognitive diagnostic assessment framework,"Toprak, Tugba Elif and Cakir, Abdulvahit",LANGUAGE TESTING,,,,,2021,,,"Cognitive diagnostic assessment (CDA) has been applied to language assessment in a number of studies in which a diagnostic classification model (DCM) was retrofitted to the results of a non-diagnostic assessment. However, the need to apply CDA through utilization of an inductive rather than a retrofitted approach has been a recurrent theme in these studies. Thus, this study aimed to develop a diagnostic L2 reading comprehension test in English to investigate adult examinees' reading performances in an EFL (English as a Foreign Language) academic setting. The test was based on a cognitive model of L2 reading comprehension and was administered to a sample of 1058 examinees across Turkey. The results were analyzed using log-linear cognitive diagnosis modeling (LCDM), which is one of the general DCM families subsuming other core DCMs. The findings of the study indicated that obtaining fine-grained diagnostic information about examinees' performances in a given domain would be possible by coupling an adequate understanding of the construct with a CDA framework.",,10.1177/0265532220941470,Cognitive diagnostic assessment;diagnostic classification modeling;L2 reading assessment;L2 reading comprehension;log-linear cognitive diagnosis modeling;Q-MATRIX;CLASSIFICATION MODELS;RULE-SPACE;VALIDITY;TEXT
F0780,International Comparative Study of Statistics Learning Trajectories Based on PISA Data on Cognitive Diagnostic Models,"Jia, Bing and Zhu, Zhemin and Gao, Hang",FRONTIERS IN PSYCHOLOGY,,,,,2021,,,"The cognitive diagnosis model is an emerging evaluation theory. The mastery of fine-grained knowledge points of students can be obtained via the cognitive diagnostic model (CDM), which can subsequently describe the learning trajectory. The latter is a description of the learning progress of students in a specific area, through which teaching and learning can be linked. This research is based on nine statistical items in the Program for International Student Assessment (PISA) 2012 and an analysis of the response data of 30,092 students from 14 countries from four attributes based on CDM. Then, it obtains the learning trajectory of students in statistical knowledge. The study found that Bulgaria, Costa Rica, Peru, Mexico, and Serbia have the same learning trajectories. The learning trajectories of almost 14 countries are as follows: (1) uncertainty, (2) data handling, (3) statistical chart, and (4) average.",,10.3389/fpsyg.2021.657858,PISA;learning trajectories;international comparison;statistics education;cognitive diagnosis;MATH ANXIETY
F0796,On Validating Cognitive Diagnosis Models for the Arithmetic Skills of Elementary School Students,"Koh, Hyejung and Jang, Wonjin and Yoo, Yongseok",INTERNATIONAL JOURNAL OF ADVANCED COMPUTER SCIENCE AND APPLICATIONS,,,,,2021,,,"Cognitive diagnosis models (CDMs) have been shown to provide detailed evaluations of students' achievement in terms of proficiency of individual cognitive attributes. Attribute hierarchy model (AHM), a variant of CDM, takes the hierarchical structure of those cognitive attributes to provide more accurate and interpretable measurements of learning achievement. However, advantages of the richer model come at the expense of increased difficulty in designing the hierarchy of the cognitive attributes and developing corresponding test sets. In this study, we propose quantitative tools for validating the hierarchical structures of cognitive attributes. First, a method to quantitatively compare alternative cognitive hierarchies is established by computing the inconsistency between a given cognitive hierarchy and students' responses. Then, this method is generalized to validate a cognitive hierarchy without real responses. Numerical simulations were performed starting from an AHM designed by experts and responses of elementary school students. Results show that the expert-designed cognitive attribute explains the students' responses better than most of alternative hierarchies do, but not all; a superior cognitive hierarchy is identified. This discrepancy is discussed in terms of internalization of cognitive attributes.",,,Cognitive diagnosis model;attribute hierarchy model;cognitive hierarchy;model validation;ATTRIBUTE HIERARCHY METHOD;RULE-SPACE;Q-MATRIX;KNOWLEDGE
F0797,PARTIAL-MASTERY COGNITIVE DIAGNOSIS MODELS,"Shang, Zhuoran and Erosheva, Elena A. and Xu, Gongjun",ANNALS OF APPLIED STATISTICS,,,,,2021,,,"Cognitive diagnosis models (CDMs) are a family of discrete latent attribute models that serve as statistical basis in educational and psychological cognitive diagnosis assessments. CDMs aim to achieve fine-grained inference on individuals' latent attributes, based on their observed responses to a set of designed diagnostic items. In the literature CDMs usually assume that items require mastery of specific latent attributes and that each attribute is either fully mastered or not mastered by a given subject. We propose a new class of models, partial mastery CDMs (PM-CDMs), that generalizes CDMs by allowing for partial mastery levels for each attribute of interest. We demonstrate that PM-CDMs can be represented as restricted latent class models. Relying on the latent class representation, we propose a Bayesian approach for estimation. We present simulation studies to demonstrate parameter recovery, to investigate the impact of model misspecification with respect to partial mastery and to develop diagnostic tools that could be used by practitioners to decide between CDMs and PM-CDMs. We use two examples of real test data-the fraction subtraction and the English tests-to demonstrate that employing PM-CDMs not only improves model fit, compared to CDMs, but also can make substantial difference in conclusions about attribute mastery. We conclude that PM-CDMs can lead to more effective remediation programs by providing detailed individual-level information about skills learned and skills that need to study.",,10.1214/21-aoas1439,Cognitive diagnosis;restricted latent class models;mixed membership models;Q-MATRIX;DINA MODEL;PARAMETER-ESTIMATION;BAYESIAN-ESTIMATION;LATENT STRUCTURES;CLASSIFICATION;IDENTIFIABILITY;MEMBERSHIP;FAMILY
F0801,Probing what's behind the test score: application of multi-CDM to diagnose EFL learners' reading performance,"Du, Wenbo and Ma, Xiaomei",READING AND WRITING,,,,,2021,,,"Cognitive diagnostic assessment seeks to promote targeted instruction designed to address learners' strengths and weaknesses within a specific domain. Most of the previous CDA applications, however, have merely implemented a single CDM. Few studies have investigated the applicability of multi-CDM to educational assessment data. To this end, the present study attempted to diagnose a sample of 740 college freshmen's performance on a reading comprehension test designed by the PELDiaG (Personalized English Learning: Diagnosis & Guidance) research team from a key university in China with the multi-CDM. The model-data fit results showed that the multi-CDM outperformed any single CDMs and enhanced the interpretation of the inter-skill relationship as well. Consequently, both group and individual level diagnostic information were extracted and further synthesized into a fine-grained diagnostic feedback. The findings provided further evidence pertinent to the practicality of multi-CDM in reading comprehension tests. Finally, limitations and suggestions for further research were presented.",,10.1007/s11145-021-10124-x,Cognitive diagnostic assessment;Diagnostic feedback;EFL reading;Multi-CDM;DINA MODEL;Q-MATRIX;FIT;COMPREHENSION;DEPENDENCE;PROFILES;ABILITY;INDEXES
F0805,Relevance-Aware Q-matrix Calibration for Knowledge Tracing,"Wang, Wentao and Ma, Huifang and Zhao, Yan and Li, Zhixin and He, Xiangchun","ARTIFICIAL NEURAL NETWORKS AND MACHINE LEARNING - ICANN 2021, PT III",,,,,2021,,,"Knowledge tracing (KT) lies at the core of intelligent education, which aims to diagnose students' changing knowledge level over time based on their historical performance. Most of the existing KT models either ignore the significance of Q-matrix associated exercises with knowledge concepts (KCs) or fail to eliminate the subjective tendency of experts within the Q-matrix, thus it is insufficient for capturing complex interaction between students and exercises. In this paper, we propose a novel Relevance-Aware Q-matrix Calibration method for knowledge tracing (RAQC), which incorporates the calibrated Q-matrix into Long Short-Term Memory (LSTM) network to model the complex students' learning process, for getting both accurate and interpretable diagnosis results. Specifically, we first leverage the message passing mechanism in Graph Convolution Network (GCN) to fully exploit the high-order connectivity between exercises and KCs for obtaining a potential KC list. Then, we propose a Q-matrix calibration method by using relevance scores between exercises and KCs to mitigate the problem of subjective bias existed in human-labeled Q-matrix. After that, the embedding of each exercise aggregated the calibrated Q-matrix with the corresponding response log is fed into the LSTM to tracing students' knowledge states (KS). Extensive experimental results on two real-world datasets show the effectiveness of the proposed method.",,10.1007/978-3-030-86365-4_9,Knowledge tracing;Calibrated Q-matrix;High-order connectivity;Graph convolution network;COGNITIVE DIAGNOSIS
F0830,Validating theoretical assumptions about reading with cognitive diagnosis models,"George, Ann Cathrice and Robitzsch, Alexander",INTERNATIONAL JOURNAL OF TESTING,,,,,2021,,,"Modern large-scale studies such as the Progress in International Reading Literacy Study (PIRLS) do not only report reading competence of students on a global reading scale but also report reading on the level of reading subskills. However, the number of and the dependencies between the subskills are frequently discussed. In this study, different theoretical assumptions regarding the subskills describing the reading competence acquiring and using information in PIRLS are deduced from accompanying official materials. The different assumptions are then translated into empirical cognitive diagnosis models (CDMs). By evaluating and comparing the CDMs in terms of empirical fit criteria in each country participating in PIRLS 2016, the underlying theoretical assumptions are validated. Results show that in all but one country, a model proposing four reading subskills with no order between the subskills shows the best fit. This selected model could be simplified in order to facilitate practical derivations as, for example, the evaluation of skill classes and the analysis of learning paths.",,10.1080/15305058.2021.1931238,Cognitive diagnosis models;competence model;log penalty measure;PIRLS 2016;reading;ATTRIBUTE HIERARCHY METHOD;Q-MATRIX;PARAMETER-ESTIMATION;DINA MODEL;RULE-SPACE;INFERENCES;SKILLS;FIT
